publish_date,skills,company_name,experience,location
Posted today,"python, web technologies, linux, mobile, mysql, angularjs, javascript",Surya Informatics Solutions Pvt. Ltd.,0 - 3 yrs,Chennai
Posted today,Python,"learntek
     (More Jobs)",2 - 7 yrs,(More Jobs)
Posted 6 days ago,"rest, python, problem solving",SUPRO INFO SOLUTIONS PRIVATE LIMITED,4 - 6 yrs,Mumbai
Posted today,"python, django, api, sql, nosql",DREAMAJAX TECHNOLOGIES,4 - 7 yrs,Bengaluru / Bangalore
Posted today,"rest, python, django, web developer, mysql, api",InnOvator Web Solutions Pvt.Ltd.,5 - 8 yrs,Mumbai
Posted today,"python, security, web developer, storage, mongodb",APPLYCUP HIRING SOLUTIONS LLP,1 - 4 yrs,Ahmedabad
Posted today,"python, database, django, team player, sql",pearl global solutions,4 - 7 yrs,Cochin/ Kochi/ Ernakulam
Posted today,"python, django, git, postgresql, oops, linux, mysql",Splice Global Services Pvt Ltd,2 - 5 yrs,Gurgaon
Posted 1 day ago,"c#, python, github, git, django, debugging",TECHNOPARK TRIVANDRUM,2 - 5 yrs,"Chennai,  Cochin/ Kochi/ Ernakulam"
Posted 1 day ago,"python, cloud services, postgresql, mysql, machine learning",TandA HR Solutions,5 - 8 yrs,Mohali
